{"cameraMode":{"drawMode":0,"name":"Shaded","section":"Shading Mode"},"sceneLighting":true,"audioPlay":false,"sceneViewState":{"showFog":true,"showMaterialUpdate":false,"showSkybox":true,"showFlares":true,"showImageEffects":true,"showParticleSystems":true},"in2DMode":false,"pivot":{"x":-11.48816204071045,"y":0.3578226566314697,"z":-12.288678169250489},"rotation":{"x":0.02466604858636856,"y":-0.9227549433708191,"z":0.05988577380776405,"w":0.38003653287887576},"size":22.519309997558595,"orthographic":false}